theme;axis;classification;weightingFactor;justification;status;year;organizationCode;organizationName;unitCode;unitName;projectActivity;application;importStatus;createdBy;createdAt;id
OCAD;SAUDE;NAO_EXCLUSIVO;0.36;;PRONTO_PARA_VALIDACAO;2026;714;SECRETARIA DE ESTADO DE ADMINISTRAÇÃO - SEAD;002;UNIDADE GESTORA DA FOLHA DE PAGAMEN TO DE PESSOAL;20490000;GESTÃO DA FOLHA DE PAGAMENTO DA FUNDAÇÃO HOSPITAL ESTADUAL DO ESTADO DO ACRE-FUNDHACRE.;VIGENTE;cmprd1s0l000004l57xdz4r5o;Mon Jul 06 2026 10:57:42 GMT-0500 (Horário Padrão do Acre);cmr9elunk0000a0igqhxlxb8n
OCAD;ASSISTENCIA_SOCIAL;NAO_EXCLUSIVO;0.36;;PRONTO_PARA_VALIDACAO;2026;714;SECRETARIA DE ESTADO DE ADMINISTRAÇÃO - SEAD;002;UNIDADE GESTORA DA FOLHA DE PAGAMEN TO DE PESSOAL;20570000;GESTÃO DA FOLHA DE PAGAMENTO DA SECRETARIA DE ESTADO DE ASSISTÊNCIA SOCIAL,DOS DIREITOS HUMANOS-SEASDH.;VIGENTE;cmprd1s0l000004l57xdz4r5o;Mon Jul 06 2026 10:57:42 GMT-0500 (Horário Padrão do Acre);cmr9elunr0001a0igjnt49j4i
OCAD;ASSISTENCIA_SOCIAL;EXCLUSIVO;1;;PRONTO_PARA_VALIDACAO;2026;714;SECRETARIA DE ESTADO DE ADMINISTRAÇÃO - SEAD;002;UNIDADE GESTORA DA FOLHA DE PAGAMEN TO DE PESSOAL;20640000;GESTÃO DA FOLHA DE PAGAMENTO DO INSTITUTO SOCIOEDUCATIVO DO ESTADO DO ACRE-ISE.;VIGENTE;cmprd1s0l000004l57xdz4r5o;Mon Jul 06 2026 10:57:42 GMT-0500 (Horário Padrão do Acre);cmr9elunr0002a0igmk8jsomc
OCAD;SAUDE;NAO_EXCLUSIVO;0.36;;PRONTO_PARA_VALIDACAO;2026;714;SECRETARIA DE ESTADO DE ADMINISTRAÇÃO - SEAD;607;FUNDES - FOLHA DE PAGAMENTO DE PESSOAL / SAÚDE;20700000;GESTÃO DA FOLHA DE PAGAMENTO DA SECRETARIA DE ESTADO DE SAÚDE-SESACRE.;VIGENTE;cmprd1s0l000004l57xdz4r5o;Mon Jul 06 2026 10:57:42 GMT-0500 (Horário Padrão do Acre);cmr9elunr0003a0ig4n49tro3
OCAD;EDUCACAO;EXCLUSIVO;1;;PRONTO_PARA_VALIDACAO;2026;717;SECRETARIA DE ESTADO DA EDUCAÇÃO, CULTURA E ESPORTES - SEE;001;UNIDADE GESTORA;10370000;FORMAÇÃO E QUALIFICAÇÃO DOS PROFISSIONAIS EM EDUCAÇÃO.;VIGENTE;cmprd1s0l000004l57xdz4r5o;Mon Jul 06 2026 10:57:42 GMT-0500 (Horário Padrão do Acre);cmr9elunr0004a0igegnj294a
OCAD;EDUCACAO;EXCLUSIVO;1;;PRONTO_PARA_VALIDACAO;2026;717;SECRETARIA DE ESTADO DA EDUCAÇÃO, CULTURA E ESPORTES - SEE;001;UNIDADE GESTORA;10380000;RECOMPOSIÇÃO DAS APRENDIZAGENS.;VIGENTE;cmprd1s0l000004l57xdz4r5o;Mon Jul 06 2026 10:57:42 GMT-0500 (Horário Padrão do Acre);cmr9elunr0005a0igjykd6and
OCAD;EDUCACAO;EXCLUSIVO;1;;PRONTO_PARA_VALIDACAO;2026;717;SECRETARIA DE ESTADO DA EDUCAÇÃO, CULTURA E ESPORTES - SEE;001;UNIDADE GESTORA;10390000;PROMOÇÃO DA EQUIDADE NAS ETAPAS E MODALIDADES DA EDUCAÇÃO BÁSICA (EJA, EDUCAÇÃO DO CAMPO, EDUCAÇÃO INDÍGENA E EDUCAÇÃO ESPECIAL).;VIGENTE;cmprd1s0l000004l57xdz4r5o;Mon Jul 06 2026 10:57:42 GMT-0500 (Horário Padrão do Acre);cmr9elunr0006a0ig3lcgbjqt
OCAD;EDUCACAO;EXCLUSIVO;1;;PRONTO_PARA_VALIDACAO;2026;717;SECRETARIA DE ESTADO DA EDUCAÇÃO, CULTURA E ESPORTES - SEE;001;UNIDADE GESTORA;10400000;MELHORIA, MODERNIZAÇÃO E INOVAÇÃO DA REDE ESTADUAL DE ENSINO.;VIGENTE;cmprd1s0l000004l57xdz4r5o;Mon Jul 06 2026 10:57:42 GMT-0500 (Horário Padrão do Acre);cmr9elunr0007a0ig0g6cpm20
OCAD;EDUCACAO;EXCLUSIVO;1;;PRONTO_PARA_VALIDACAO;2026;717;SECRETARIA DE ESTADO DA EDUCAÇÃO, CULTURA E ESPORTES - SEE;001;UNIDADE GESTORA;10410000;CONSTRUÇÃO, REFORMA E AMPLIAÇÃO DOS PRÉDIOS DA EDUCAÇÃO-SEE.;VIGENTE;cmprd1s0l000004l57xdz4r5o;Mon Jul 06 2026 10:57:42 GMT-0500 (Horário Padrão do Acre);cmr9elunr0008a0ig5pe0z4qk
OCAD;EDUCACAO;EXCLUSIVO;1;;PRONTO_PARA_VALIDACAO;2026;717;SECRETARIA DE ESTADO DA EDUCAÇÃO, CULTURA E ESPORTES - SEE;001;UNIDADE GESTORA;10420000;PROMOÇÃO DA ASSISTÊNCIA ESTUDANTIL.;VIGENTE;cmprd1s0l000004l57xdz4r5o;Mon Jul 06 2026 10:57:42 GMT-0500 (Horário Padrão do Acre);cmr9eluns0009a0igzztvho7g
OCAD;EDUCACAO;EXCLUSIVO;1;;PRONTO_PARA_VALIDACAO;2026;717;SECRETARIA DE ESTADO DA EDUCAÇÃO, CULTURA E ESPORTES - SEE;001;UNIDADE GESTORA;10430000;PROMOÇÃO DOS DIREITOS HUMANOS E DIVERSIDADE.;VIGENTE;cmprd1s0l000004l57xdz4r5o;Mon Jul 06 2026 10:57:42 GMT-0500 (Horário Padrão do Acre);cmr9eluns000aa0igpfobbt8c
OCAD;EDUCACAO;EXCLUSIVO;1;;PRONTO_PARA_VALIDACAO;2026;717;SECRETARIA DE ESTADO DA EDUCAÇÃO, CULTURA E ESPORTES - SEE;001;UNIDADE GESTORA;10440000;FORTALECIMENTO DA REDE COLABORATIVA DE CUIDADO E SEGURANÇA ESCOLAR.;VIGENTE;cmprd1s0l000004l57xdz4r5o;Mon Jul 06 2026 10:57:42 GMT-0500 (Horário Padrão do Acre);cmr9eluns000ba0ig61m6zcs2
OCAD;EDUCACAO;EXCLUSIVO;1;;PRONTO_PARA_VALIDACAO;2026;717;SECRETARIA DE ESTADO DA EDUCAÇÃO, CULTURA E ESPORTES - SEE;001;UNIDADE GESTORA;10940000;PROMOÇÃO DE AÇÕES DE SAÚDE E DE SEGURANÇA NO TRABALHO PARA OS SERVIDORES DA EDUCAÇÃO.;VIGENTE;cmprd1s0l000004l57xdz4r5o;Mon Jul 06 2026 10:57:42 GMT-0500 (Horário Padrão do Acre);cmr9eluns000ca0igo78c7qf5
OCAD;EDUCACAO;NAO_EXCLUSIVO;0.36;;PRONTO_PARA_VALIDACAO;2026;717;SECRETARIA DE ESTADO DA EDUCAÇÃO, CULTURA E ESPORTES - SEE;001;UNIDADE GESTORA;20890000;MANUTENÇÃO DAS ATIVIDADES ADMINISTRATIVAS E OPERACIONAIS-SEE.;VIGENTE;cmprd1s0l000004l57xdz4r5o;Mon Jul 06 2026 10:57:42 GMT-0500 (Horário Padrão do Acre);cmr9eluns000da0ig6d8o9isj
OCAD;EDUCACAO;EXCLUSIVO;1;;PRONTO_PARA_VALIDACAO;2026;717;SECRETARIA DE ESTADO DA EDUCAÇÃO, CULTURA E ESPORTES - SEE;001;UNIDADE GESTORA;20900000;MANUTENÇÃO DO TRANSPORTE ESCOLAR.;VIGENTE;cmprd1s0l000004l57xdz4r5o;Mon Jul 06 2026 10:57:42 GMT-0500 (Horário Padrão do Acre);cmr9eluns000ea0igqm8pahyg
OCAD;EDUCACAO;EXCLUSIVO;1;;PRONTO_PARA_VALIDACAO;2026;717;SECRETARIA DE ESTADO DA EDUCAÇÃO, CULTURA E ESPORTES - SEE;001;UNIDADE GESTORA;20930000;GESTÃO DA FOLHA DE PAGAMENTO DA SEE (APOIO ADMINISTRATIVO).;VIGENTE;cmprd1s0l000004l57xdz4r5o;Mon Jul 06 2026 10:57:42 GMT-0500 (Horário Padrão do Acre);cmr9eluns000fa0ig4ugvtzg2
OCAD;EDUCACAO;EXCLUSIVO;1;;PRONTO_PARA_VALIDACAO;2026;717;SECRETARIA DE ESTADO DA EDUCAÇÃO, CULTURA E ESPORTES - SEE;001;UNIDADE GESTORA;20940000;SALÁRIO EDUCAÇÃO.;VIGENTE;cmprd1s0l000004l57xdz4r5o;Mon Jul 06 2026 10:57:42 GMT-0500 (Horário Padrão do Acre);cmr9eluns000ga0igxraik2b0
OCAD;EDUCACAO;EXCLUSIVO;1;;PRONTO_PARA_VALIDACAO;2026;717;SECRETARIA DE ESTADO DA EDUCAÇÃO, CULTURA E ESPORTES - SEE;001;UNIDADE GESTORA;20950000;ROYALTIES DO PETRÓLEO E GÁS NATURAL VINCULADOS À EDUCAÇÃO.;VIGENTE;cmprd1s0l000004l57xdz4r5o;Mon Jul 06 2026 10:57:42 GMT-0500 (Horário Padrão do Acre);cmr9eluns000ha0igjf3iqgew
OCAD;EDUCACAO;EXCLUSIVO;1;;PRONTO_PARA_VALIDACAO;2026;717;SECRETARIA DE ESTADO DA EDUCAÇÃO, CULTURA E ESPORTES - SEE;001;UNIDADE GESTORA;20970000;PROMOÇÃO DE POLÍTICAS E PROGRAMAS PARA A JUVENTUDE.;VIGENTE;cmprd1s0l000004l57xdz4r5o;Mon Jul 06 2026 10:57:42 GMT-0500 (Horário Padrão do Acre);cmr9eluns000ia0igwz0qd2xx
OCAD;EDUCACAO;EXCLUSIVO;1;;PRONTO_PARA_VALIDACAO;2026;717;SECRETARIA DE ESTADO DA EDUCAÇÃO, CULTURA E ESPORTES - SEE;001;UNIDADE GESTORA;20980000;PROMOÇÃO E INCENTIVO À PRÁTICA DE ATIVIDADES ESPORTIVAS ESTUDANTIS.;VIGENTE;cmprd1s0l000004l57xdz4r5o;Mon Jul 06 2026 10:57:42 GMT-0500 (Horário Padrão do Acre);cmr9eluns000ja0igwzx8kfom
OCAD;EDUCACAO;EXCLUSIVO;1;;PRONTO_PARA_VALIDACAO;2026;717;SECRETARIA DE ESTADO DA EDUCAÇÃO, CULTURA E ESPORTES - SEE;001;UNIDADE GESTORA;21340000;VALORIZAÇÃO E CAPACITAÇÃO DOS SERVIDORES DA EDUCAÇÃO-SEE.;VIGENTE;cmprd1s0l000004l57xdz4r5o;Mon Jul 06 2026 10:57:42 GMT-0500 (Horário Padrão do Acre);cmr9eluns000ka0igmjncpixp
OCAD;EDUCACAO;NAO_EXCLUSIVO;0.36;;PRONTO_PARA_VALIDACAO;2026;717;SECRETARIA DE ESTADO DA EDUCAÇÃO, CULTURA E ESPORTES - SEE;212;INSTITUTO ESTADUAL DE EDUCAÇÃO PROFISSIONAL E TECNOLÓGICA - IEPTEC;10230000;CONSTRUÇÃO, REFORMA E AMPLIAÇÃO DOS PRÉDIOS DO IEPTEC.;VIGENTE;cmprd1s0l000004l57xdz4r5o;Mon Jul 06 2026 10:57:42 GMT-0500 (Horário Padrão do Acre);cmr9eluns000la0igi244fubl
OCAD;EDUCACAO;EXCLUSIVO;1;;PRONTO_PARA_VALIDACAO;2026;717;SECRETARIA DE ESTADO DA EDUCAÇÃO, CULTURA E ESPORTES - SEE;212;INSTITUTO ESTADUAL DE EDUCAÇÃO PROFISSIONAL E TECNOLÓGICA - IEPTEC;10240000;FORMAÇÃO TÉCNICA E PROFISSIONAL(FTP) ITINERÁRIO V AOS ALUNOS MATRICULADOS NO ENSINO MÉDIO.;VIGENTE;cmprd1s0l000004l57xdz4r5o;Mon Jul 06 2026 10:57:42 GMT-0500 (Horário Padrão do Acre);cmr9eluns000ma0ig6a2ti67m
OCAD;EDUCACAO;NAO_EXCLUSIVO;0.36;;PRONTO_PARA_VALIDACAO;2026;717;SECRETARIA DE ESTADO DA EDUCAÇÃO, CULTURA E ESPORTES - SEE;212;INSTITUTO ESTADUAL DE EDUCAÇÃO PROFISSIONAL E TECNOLÓGICA - IEPTEC;10250000;AMPLIAÇÃO DA REDE DE QUALIFICAÇÃO PROFISSIONAL E TECNOLÓGICA DO ESTADO DO ACRE.;VIGENTE;cmprd1s0l000004l57xdz4r5o;Mon Jul 06 2026 10:57:42 GMT-0500 (Horário Padrão do Acre);cmr9eluns000na0igffn6mjm7
OCAD;EDUCACAO;NAO_EXCLUSIVO;0.36;;PRONTO_PARA_VALIDACAO;2026;717;SECRETARIA DE ESTADO DA EDUCAÇÃO, CULTURA E ESPORTES - SEE;212;INSTITUTO ESTADUAL DE EDUCAÇÃO PROFISSIONAL E TECNOLÓGICA - IEPTEC;10260000;PROMOÇÃO DE EDUCAÇÃO PROFISSIONAL E TECNOLÓGICA PARA O DESENVOLVIMENTO DO ESTADO DO ACRE.;VIGENTE;cmprd1s0l000004l57xdz4r5o;Mon Jul 06 2026 10:57:42 GMT-0500 (Horário Padrão do Acre);cmr9eluns000oa0igph8dcmvd
OCAD;EDUCACAO;NAO_EXCLUSIVO;0.36;;PRONTO_PARA_VALIDACAO;2026;717;SECRETARIA DE ESTADO DA EDUCAÇÃO, CULTURA E ESPORTES - SEE;212;INSTITUTO ESTADUAL DE EDUCAÇÃO PROFISSIONAL E TECNOLÓGICA - IEPTEC;20810000;GESTÃO DA FOLHA DE PAGAMENTO DO INSTITUTO ESTADUAL DE EDUCAÇÃO PROFISSIONAL E TECNOLÓGICA(IEPTEC).;VIGENTE;cmprd1s0l000004l57xdz4r5o;Mon Jul 06 2026 10:57:42 GMT-0500 (Horário Padrão do Acre);cmr9eluns000pa0igf50ulrut
OCAD;EDUCACAO;NAO_EXCLUSIVO;0.36;;PRONTO_PARA_VALIDACAO;2026;717;SECRETARIA DE ESTADO DA EDUCAÇÃO, CULTURA E ESPORTES - SEE;212;INSTITUTO ESTADUAL DE EDUCAÇÃO PROFISSIONAL E TECNOLÓGICA - IEPTEC;20820000;MANUTENÇÃO DAS ATIVIDADES ADMINISTRATIVAS E OPERACIONAIS-IEPTEC.;VIGENTE;cmprd1s0l000004l57xdz4r5o;Mon Jul 06 2026 10:57:42 GMT-0500 (Horário Padrão do Acre);cmr9eluns000qa0ig5yk3ngxr
OCAD;EDUCACAO;NAO_EXCLUSIVO;0.36;;PRONTO_PARA_VALIDACAO;2026;717;SECRETARIA DE ESTADO DA EDUCAÇÃO, CULTURA E ESPORTES - SEE;303;FUNDAÇÃO DE CULTURA E COMUNICAÇÃO ELIAS MANSOUR - FEM;12900000;FOMENTO A CULTURA: LEI ALDIR BLANC.;VIGENTE;cmprd1s0l000004l57xdz4r5o;Mon Jul 06 2026 10:57:42 GMT-0500 (Horário Padrão do Acre);cmr9eluns000ra0ig2t8dsolc
OCAD;EDUCACAO;NAO_EXCLUSIVO;0.36;;PRONTO_PARA_VALIDACAO;2026;717;SECRETARIA DE ESTADO DA EDUCAÇÃO, CULTURA E ESPORTES - SEE;303;FUNDAÇÃO DE CULTURA E COMUNICAÇÃO ELIAS MANSOUR - FEM;12910000;FOMENTO A CULTURA: LEI PAULO GUSTAVO.;VIGENTE;cmprd1s0l000004l57xdz4r5o;Mon Jul 06 2026 10:57:42 GMT-0500 (Horário Padrão do Acre);cmr9eluns000sa0ig2ten27rn
OCAD;EDUCACAO;NAO_EXCLUSIVO;0.36;;PRONTO_PARA_VALIDACAO;2026;717;SECRETARIA DE ESTADO DA EDUCAÇÃO, CULTURA E ESPORTES - SEE;303;FUNDAÇÃO DE CULTURA E COMUNICAÇÃO ELIAS MANSOUR - FEM;12920000;PROMOÇÃO DE ATIVIDADES CULTURAIS TRADICIONAIS.;VIGENTE;cmprd1s0l000004l57xdz4r5o;Mon Jul 06 2026 10:57:42 GMT-0500 (Horário Padrão do Acre);cmr9eluns000ta0igbqzteqg8
OCAD;EDUCACAO;NAO_EXCLUSIVO;0.36;;PRONTO_PARA_VALIDACAO;2026;717;SECRETARIA DE ESTADO DA EDUCAÇÃO, CULTURA E ESPORTES - SEE;303;FUNDAÇÃO DE CULTURA E COMUNICAÇÃO ELIAS MANSOUR - FEM;12930000;FOMENTO ÀS MANIFESTAÇÕES ESPONTÂNEAS NOS ESPAÇOS PÚBLICOS EM PARCERIA COM A SOCIEDADE.;VIGENTE;cmprd1s0l000004l57xdz4r5o;Mon Jul 06 2026 10:57:42 GMT-0500 (Horário Padrão do Acre);cmr9eluns000ua0iguw3egv1b
OCAD;EDUCACAO;NAO_EXCLUSIVO;0.36;;PRONTO_PARA_VALIDACAO;2026;717;SECRETARIA DE ESTADO DA EDUCAÇÃO, CULTURA E ESPORTES - SEE;303;FUNDAÇÃO DE CULTURA E COMUNICAÇÃO ELIAS MANSOUR - FEM;12940000;REVITALIZAÇÃO/CONSERVAÇÃO DOS ESPAÇOS CULTURAIS.;VIGENTE;cmprd1s0l000004l57xdz4r5o;Mon Jul 06 2026 10:57:42 GMT-0500 (Horário Padrão do Acre);cmr9eluns000va0igy9c1ucza
OCAD;EDUCACAO;NAO_EXCLUSIVO;0.36;;PRONTO_PARA_VALIDACAO;2026;717;SECRETARIA DE ESTADO DA EDUCAÇÃO, CULTURA E ESPORTES - SEE;303;FUNDAÇÃO DE CULTURA E COMUNICAÇÃO ELIAS MANSOUR - FEM;12960000;UNIVERSALIZAÇÃO DO ACESSO AOS BENS E SERVIÇOS CULTURAIS: PASSEIO CULTURAL.;VIGENTE;cmprd1s0l000004l57xdz4r5o;Mon Jul 06 2026 10:57:42 GMT-0500 (Horário Padrão do Acre);cmr9eluns000wa0igasufikjt
OCAD;EDUCACAO;NAO_EXCLUSIVO;0.36;;PRONTO_PARA_VALIDACAO;2026;717;SECRETARIA DE ESTADO DA EDUCAÇÃO, CULTURA E ESPORTES - SEE;303;FUNDAÇÃO DE CULTURA E COMUNICAÇÃO ELIAS MANSOUR - FEM;12970000;PROMOÇÃO DE AÇÕES DE FORMAÇÃO E QUALIFICAÇÃO PROFISSIONAL EM CULTURA (QUALIFICA + ARTE).;VIGENTE;cmprd1s0l000004l57xdz4r5o;Mon Jul 06 2026 10:57:42 GMT-0500 (Horário Padrão do Acre);cmr9eluns000xa0ig86couhyr
OCAD;EDUCACAO;NAO_EXCLUSIVO;0.36;;PRONTO_PARA_VALIDACAO;2026;717;SECRETARIA DE ESTADO DA EDUCAÇÃO, CULTURA E ESPORTES - SEE;303;FUNDAÇÃO DE CULTURA E COMUNICAÇÃO ELIAS MANSOUR - FEM;12980000;FOMENTO E PROMOÇÃO ÀS AÇÕES CULTURAIS NAS REGIONAIS DO ESTADO.;VIGENTE;cmprd1s0l000004l57xdz4r5o;Mon Jul 06 2026 10:57:42 GMT-0500 (Horário Padrão do Acre);cmr9eluns000ya0ig5mj81cdj
OCAD;EDUCACAO;NAO_EXCLUSIVO;0.36;;PRONTO_PARA_VALIDACAO;2026;717;SECRETARIA DE ESTADO DA EDUCAÇÃO, CULTURA E ESPORTES - SEE;303;FUNDAÇÃO DE CULTURA E COMUNICAÇÃO ELIAS MANSOUR - FEM;12990000;CONSTRUÇÃO, REFORMA E AMPLIAÇÃO DOS PRÉDIOS DA FEM.;VIGENTE;cmprd1s0l000004l57xdz4r5o;Mon Jul 06 2026 10:57:42 GMT-0500 (Horário Padrão do Acre);cmr9eluns000za0ig1n8p3gws
OCAD;EDUCACAO;NAO_EXCLUSIVO;0.36;;PRONTO_PARA_VALIDACAO;2026;717;SECRETARIA DE ESTADO DA EDUCAÇÃO, CULTURA E ESPORTES - SEE;303;FUNDAÇÃO DE CULTURA E COMUNICAÇÃO ELIAS MANSOUR - FEM;13000000;PROTEÇÃO À DIVERSIDADE CULTURAL, AS MEMÓRIAS, AOS PATRIMÔNIOS SOCIOAMBIENTAIS E CULTURAIS.;VIGENTE;cmprd1s0l000004l57xdz4r5o;Mon Jul 06 2026 10:57:42 GMT-0500 (Horário Padrão do Acre);cmr9elunt0010a0igawtolobu
OCAD;EDUCACAO;NAO_EXCLUSIVO;0.36;;PRONTO_PARA_VALIDACAO;2026;717;SECRETARIA DE ESTADO DA EDUCAÇÃO, CULTURA E ESPORTES - SEE;303;FUNDAÇÃO DE CULTURA E COMUNICAÇÃO ELIAS MANSOUR - FEM;22870000;MANUTENÇÃO DAS ATIVIDADES ADMINISTRATIVAS E OPERACIONAIS - FEM.;VIGENTE;cmprd1s0l000004l57xdz4r5o;Mon Jul 06 2026 10:57:42 GMT-0500 (Horário Padrão do Acre);cmr9elunt0011a0igemqg52kg
OCAD;EDUCACAO;EXCLUSIVO;1;;PRONTO_PARA_VALIDACAO;2026;717;SECRETARIA DE ESTADO DA EDUCAÇÃO, CULTURA E ESPORTES - SEE;601;FUNDO DE MANUTENÇÃO E DESENVOLVI - MENTO DA EDUCAÇÃO BÁSICA - FUNDEB;10950000;GARANTIR A FUNCIONALIDADE DAS UNIDADES ESCOLARES.;VIGENTE;cmprd1s0l000004l57xdz4r5o;Mon Jul 06 2026 10:57:42 GMT-0500 (Horário Padrão do Acre);cmr9elunt0012a0igkrikbpeo
OCAD;SAUDE;EXCLUSIVO;1;;PRONTO_PARA_VALIDACAO;2026;717;SECRETARIA DE ESTADO DA EDUCAÇÃO, CULTURA E ESPORTES - SEE;601;FUNDO DE MANUTENÇÃO E DESENVOLVI - MENTO DA EDUCAÇÃO BÁSICA - FUNDEB;10960000;MELHORIA, MODERNIZAÇÃO E INOVAÇÃO DA REDE ESTADUAL DE ENSINO.;VIGENTE;cmprd1s0l000004l57xdz4r5o;Mon Jul 06 2026 10:57:42 GMT-0500 (Horário Padrão do Acre);cmr9elunt0013a0ig04gij873
OCAD;EDUCACAO;EXCLUSIVO;1;;PRONTO_PARA_VALIDACAO;2026;717;SECRETARIA DE ESTADO DA EDUCAÇÃO, CULTURA E ESPORTES - SEE;601;FUNDO DE MANUTENÇÃO E DESENVOLVI - MENTO DA EDUCAÇÃO BÁSICA - FUNDEB;21360000;MANUTENÇÃO DO TRANSPORTE ESCOLAR.;VIGENTE;cmprd1s0l000004l57xdz4r5o;Mon Jul 06 2026 10:57:42 GMT-0500 (Horário Padrão do Acre);cmr9elunt0014a0igxkjt4ajy
OCAD;EDUCACAO;EXCLUSIVO;1;;PRONTO_PARA_VALIDACAO;2026;717;SECRETARIA DE ESTADO DA EDUCAÇÃO, CULTURA E ESPORTES - SEE;601;FUNDO DE MANUTENÇÃO E DESENVOLVI - MENTO DA EDUCAÇÃO BÁSICA - FUNDEB;21370000;GESTÃO DA FOLHA DE PAGAMENTO DA SEE(ENSINO MÉDIO REGULAR E INTEGRAL).;VIGENTE;cmprd1s0l000004l57xdz4r5o;Mon Jul 06 2026 10:57:42 GMT-0500 (Horário Padrão do Acre);cmr9elunt0015a0igjsuvhvzz
OCAD;EDUCACAO;EXCLUSIVO;1;;PRONTO_PARA_VALIDACAO;2026;717;SECRETARIA DE ESTADO DA EDUCAÇÃO, CULTURA E ESPORTES - SEE;601;FUNDO DE MANUTENÇÃO E DESENVOLVI - MENTO DA EDUCAÇÃO BÁSICA - FUNDEB;21380000;GESTÃO DA FOLHA DE PAGAMENTO DA SEE(EDUCAÇÃO BÁSICA 70%).;VIGENTE;cmprd1s0l000004l57xdz4r5o;Mon Jul 06 2026 10:57:42 GMT-0500 (Horário Padrão do Acre);cmr9elunt0016a0igla5kplem
OCAD;EDUCACAO;EXCLUSIVO;1;;PRONTO_PARA_VALIDACAO;2026;717;SECRETARIA DE ESTADO DA EDUCAÇÃO, CULTURA E ESPORTES - SEE;601;FUNDO DE MANUTENÇÃO E DESENVOLVI - MENTO DA EDUCAÇÃO BÁSICA - FUNDEB;21390000;GESTÃO DA FOLHA DE PAGAMENTO DA SEE(SUPERÁVIT).;VIGENTE;cmprd1s0l000004l57xdz4r5o;Mon Jul 06 2026 10:57:42 GMT-0500 (Horário Padrão do Acre);cmr9elunt0017a0igzh9z2rpn
OCAD;EDUCACAO;EXCLUSIVO;1;;PRONTO_PARA_VALIDACAO;2026;717;SECRETARIA DE ESTADO DA EDUCAÇÃO, CULTURA E ESPORTES - SEE;601;FUNDO DE MANUTENÇÃO E DESENVOLVI - MENTO DA EDUCAÇÃO BÁSICA - FUNDEB;21400000;COMPLEMENTAÇÃO FUNDEB.;VIGENTE;cmprd1s0l000004l57xdz4r5o;Mon Jul 06 2026 10:57:42 GMT-0500 (Horário Padrão do Acre);cmr9elunt0018a0ig3u4ti3qi
OCAD;EDUCACAO;NAO_EXCLUSIVO;0.36;;PRONTO_PARA_VALIDACAO;2026;718;SECRETARIA EXTRAORDINÁRIA DE ESPOR- TE E LAZER - SEEL;001;UNIDADE GESTORA;20960000;PROMOÇÃO E INCENTIVO À PRÁTICA DE ATIVIDADES ESPORTIVAS PARA A COMUNIDADE.;VIGENTE;cmprd1s0l000004l57xdz4r5o;Mon Jul 06 2026 10:57:42 GMT-0500 (Horário Padrão do Acre);cmr9elunt0019a0ig1r9zj7cj
OCAD;EDUCACAO;NAO_EXCLUSIVO;0.36;;PRONTO_PARA_VALIDACAO;2026;718;SECRETARIA EXTRAORDINÁRIA DE ESPOR- TE E LAZER - SEEL;001;UNIDADE GESTORA;20990000;MANUTENÇÃO DAS ATIVIDADES ADMINISTRATIVAS E OPERACIONAIS DA SECRETARIA EXTRAORDINÁRIA DE ESPORTE E LAZER - SEEL.;VIGENTE;cmprd1s0l000004l57xdz4r5o;Mon Jul 06 2026 10:57:42 GMT-0500 (Horário Padrão do Acre);cmr9elunt001aa0igltpr5ek9
OCAD;ASSISTENCIA_SOCIAL;EXCLUSIVO;1;;PRONTO_PARA_VALIDACAO;2026;719;SECRETARIA DE ESTADO DA JUSTIÇA E SEGURANÇA PÚBLICA - SEJUSP;213;INSTITUTO SÓCIO EDUCATIVO DO ACRE - ISE;10070000;FORTALECIMENTO DO SISTEMA SOCIOEDUCATIVO.;VIGENTE;cmprd1s0l000004l57xdz4r5o;Mon Jul 06 2026 10:57:42 GMT-0500 (Horário Padrão do Acre);cmr9elunt001ba0igag1dllob
OCAD;ASSISTENCIA_SOCIAL;EXCLUSIVO;1;;PRONTO_PARA_VALIDACAO;2026;719;SECRETARIA DE ESTADO DA JUSTIÇA E SEGURANÇA PÚBLICA - SEJUSP;213;INSTITUTO SÓCIO EDUCATIVO DO ACRE - ISE;10080000;PROMOÇÃO CULTURAL, ARTÍSTICA, DESPORTIVA E LABORAL PARA OS ADOLESCENTES EM MEDIDAS SOCIOEDUCATIVAS.;VIGENTE;cmprd1s0l000004l57xdz4r5o;Mon Jul 06 2026 10:57:42 GMT-0500 (Horário Padrão do Acre);cmr9elunt001ca0igs8wtzqws
OCAD;ASSISTENCIA_SOCIAL;EXCLUSIVO;1;;PRONTO_PARA_VALIDACAO;2026;719;SECRETARIA DE ESTADO DA JUSTIÇA E SEGURANÇA PÚBLICA - SEJUSP;213;INSTITUTO SÓCIO EDUCATIVO DO ACRE - ISE;10090000;MELHORIA, MODERNIZAÇÃO E INOVAÇÃO DOS SERVIÇOS DO SISTEMA SOCIOEDUCATIVO-ISE.;VIGENTE;cmprd1s0l000004l57xdz4r5o;Mon Jul 06 2026 10:57:42 GMT-0500 (Horário Padrão do Acre);cmr9elunt001da0igst8asyxo
OCAD;ASSISTENCIA_SOCIAL;EXCLUSIVO;1;;PRONTO_PARA_VALIDACAO;2026;719;SECRETARIA DE ESTADO DA JUSTIÇA E SEGURANÇA PÚBLICA - SEJUSP;213;INSTITUTO SÓCIO EDUCATIVO DO ACRE - ISE;10100000;PROMOÇÃO DAS AÇÕES DE SAÚDE E DE SEGURANÇA NO TRABALHO PARA OS SERVIDORES DO SISTEMA SOCIOEDUCATIVO - ISE.;VIGENTE;cmprd1s0l000004l57xdz4r5o;Mon Jul 06 2026 10:57:42 GMT-0500 (Horário Padrão do Acre);cmr9elunt001ea0igozqz7l26
OCAD;ASSISTENCIA_SOCIAL;EXCLUSIVO;1;;PRONTO_PARA_VALIDACAO;2026;719;SECRETARIA DE ESTADO DA JUSTIÇA E SEGURANÇA PÚBLICA - SEJUSP;213;INSTITUTO SÓCIO EDUCATIVO DO ACRE - ISE;10110000;CONSTRUÇÃO, REFORMA E AMPLIAÇÃO DOS PRÉDIOS DO ISE.;VIGENTE;cmprd1s0l000004l57xdz4r5o;Mon Jul 06 2026 10:57:42 GMT-0500 (Horário Padrão do Acre);cmr9elunt001fa0ig02bxd98v
OCAD;ASSISTENCIA_SOCIAL;EXCLUSIVO;1;;PRONTO_PARA_VALIDACAO;2026;719;SECRETARIA DE ESTADO DA JUSTIÇA E SEGURANÇA PÚBLICA - SEJUSP;213;INSTITUTO SÓCIO EDUCATIVO DO ACRE - ISE;20230000;VALORIZAÇÃO E CAPACITAÇÃO DOS SERVIDORES DO SISTEMA SOCIOEDUCATIVO.;VIGENTE;cmprd1s0l000004l57xdz4r5o;Mon Jul 06 2026 10:57:42 GMT-0500 (Horário Padrão do Acre);cmr9elunt001ga0igbnere9pk
OCAD;ASSISTENCIA_SOCIAL;EXCLUSIVO;1;;PRONTO_PARA_VALIDACAO;2026;719;SECRETARIA DE ESTADO DA JUSTIÇA E SEGURANÇA PÚBLICA - SEJUSP;213;INSTITUTO SÓCIO EDUCATIVO DO ACRE - ISE;20250000;MANUTENÇÃO DAS ATIVIDADES ADMINISTRATIVAS E OPERACIONAIS - ISE;VIGENTE;cmprd1s0l000004l57xdz4r5o;Mon Jul 06 2026 10:57:42 GMT-0500 (Horário Padrão do Acre);cmr9elunt001ha0igjeu5mu08
OCAD;SAUDE;NAO_EXCLUSIVO;0.36;;PRONTO_PARA_VALIDACAO;2026;721;SECRETARIA DE ESTADO DE SAÚDE - SESACRE;001;UNIDADE GESTORA;22060000;MANUTENÇÃO DAS ATIVIDADES ADMINISTRATIVAS E OPERACIONAIS-SESACRE.;VIGENTE;cmprd1s0l000004l57xdz4r5o;Mon Jul 06 2026 10:57:42 GMT-0500 (Horário Padrão do Acre);cmr9elunt001ia0igyetq1gpj
OCAD;SAUDE;NAO_EXCLUSIVO;0.36;;PRONTO_PARA_VALIDACAO;2026;721;SECRETARIA DE ESTADO DE SAÚDE - SESACRE;302;FUNDAÇÃO HOSPITAL ESTADUAL DO ACRE- FUNDHACRE;12160000;PROMOÇÃO DE ATENDIMENTO EM SAÚDE DOS POVOS INDÍGENAS.;VIGENTE;cmprd1s0l000004l57xdz4r5o;Mon Jul 06 2026 10:57:42 GMT-0500 (Horário Padrão do Acre);cmr9elunt001ja0igovjhrqtn
OCAD;SAUDE;NAO_EXCLUSIVO;0.36;;PRONTO_PARA_VALIDACAO;2026;721;SECRETARIA DE ESTADO DE SAÚDE - SESACRE;302;FUNDAÇÃO HOSPITAL ESTADUAL DO ACRE- FUNDHACRE;12170000;CONSTRUÇÃO, REFORMA E AMPLIAÇÃO DE PRÉDIOS DA FUNDHACRE.;VIGENTE;cmprd1s0l000004l57xdz4r5o;Mon Jul 06 2026 10:57:42 GMT-0500 (Horário Padrão do Acre);cmr9elunt001ka0ig75z3u6c5
OCAD;SAUDE;NAO_EXCLUSIVO;0.36;;PRONTO_PARA_VALIDACAO;2026;721;SECRETARIA DE ESTADO DE SAÚDE - SESACRE;302;FUNDAÇÃO HOSPITAL ESTADUAL DO ACRE- FUNDHACRE;22350000;APOIO AS ATIVIDADES DE REALIZAÇÃO DE EXAMES(BIÓPSIA).;VIGENTE;cmprd1s0l000004l57xdz4r5o;Mon Jul 06 2026 10:57:42 GMT-0500 (Horário Padrão do Acre);cmr9elunt001la0igcbht2rx4
OCAD;SAUDE;NAO_EXCLUSIVO;0.36;;PRONTO_PARA_VALIDACAO;2026;721;SECRETARIA DE ESTADO DE SAÚDE - SESACRE;302;FUNDAÇÃO HOSPITAL ESTADUAL DO ACRE- FUNDHACRE;22360000;EFICIÊNCIA E RESOLUTIVIDADE NA ASSISTÊNCIA AMBULATORIAL E HOSPITALAR DAS MÉDIAS E ALTAS COMPLEXIDADES.;VIGENTE;cmprd1s0l000004l57xdz4r5o;Mon Jul 06 2026 10:57:42 GMT-0500 (Horário Padrão do Acre);cmr9elunt001ma0igain7iv0v
OCAD;SAUDE;NAO_EXCLUSIVO;0.36;;PRONTO_PARA_VALIDACAO;2026;721;SECRETARIA DE ESTADO DE SAÚDE - SESACRE;302;FUNDAÇÃO HOSPITAL ESTADUAL DO ACRE- FUNDHACRE;22370000;PROMOÇÃO DE ATENDIMENTO DE MÉDIA E ALTA COMPLEXIDADE.;VIGENTE;cmprd1s0l000004l57xdz4r5o;Mon Jul 06 2026 10:57:42 GMT-0500 (Horário Padrão do Acre);cmr9elunu001na0igvhxq19l4
OCAD;SAUDE;NAO_EXCLUSIVO;0.36;;PRONTO_PARA_VALIDACAO;2026;721;SECRETARIA DE ESTADO DE SAÚDE - SESACRE;302;FUNDAÇÃO HOSPITAL ESTADUAL DO ACRE- FUNDHACRE;22380000;MANUTENÇÃO DAS ATIVIDADES ADMINISTRATIVAS E OPERACIONAIS-FUNDHACRE.;VIGENTE;cmprd1s0l000004l57xdz4r5o;Mon Jul 06 2026 10:57:42 GMT-0500 (Horário Padrão do Acre);cmr9elunu001oa0igqct1mt94
OCAD;SAUDE;NAO_EXCLUSIVO;0.36;;PRONTO_PARA_VALIDACAO;2026;721;SECRETARIA DE ESTADO DE SAÚDE - SESACRE;302;FUNDAÇÃO HOSPITAL ESTADUAL DO ACRE- FUNDHACRE;22390000;VALORIZAÇÃO E CAPACITAÇÃO DOS SERVIDORES PÚBLICOS DA FUNDHACRE.;VIGENTE;cmprd1s0l000004l57xdz4r5o;Mon Jul 06 2026 10:57:42 GMT-0500 (Horário Padrão do Acre);cmr9elunu001pa0igpfo3c8th
OCAD;SAUDE;NAO_EXCLUSIVO;0.36;;PRONTO_PARA_VALIDACAO;2026;721;SECRETARIA DE ESTADO DE SAÚDE - SESACRE;607;FUNDO ESTADUAL DE SAÚDE - FUNDES;11720000;FORTALECIMENTO DA ASSISTÊNCIA FARMACÊUTICA.;VIGENTE;cmprd1s0l000004l57xdz4r5o;Mon Jul 06 2026 10:57:42 GMT-0500 (Horário Padrão do Acre);cmr9elunu001qa0igvdba97nz
OCAD;SAUDE;NAO_EXCLUSIVO;0.36;;PRONTO_PARA_VALIDACAO;2026;721;SECRETARIA DE ESTADO DE SAÚDE - SESACRE;607;FUNDO ESTADUAL DE SAÚDE - FUNDES;11730000;CONSTRUÇÃO, REFORMA E AMPLIAÇÃO DOS PRÉDIOS DA SESACRE.;VIGENTE;cmprd1s0l000004l57xdz4r5o;Mon Jul 06 2026 10:57:42 GMT-0500 (Horário Padrão do Acre);cmr9elunu001ra0igogdyrhbb
OCAD;SAUDE;NAO_EXCLUSIVO;0.36;;PRONTO_PARA_VALIDACAO;2026;721;SECRETARIA DE ESTADO DE SAÚDE - SESACRE;607;FUNDO ESTADUAL DE SAÚDE - FUNDES;11740000;CONTRATUALIZAÇÃO DE SERVIÇOS DE SAÚDE E RELAÇÃO PÚBLICO-PRIVADA.;VIGENTE;cmprd1s0l000004l57xdz4r5o;Mon Jul 06 2026 10:57:42 GMT-0500 (Horário Padrão do Acre);cmr9elunu001sa0igbv6dcn38
OCAD;SAUDE;NAO_EXCLUSIVO;0.36;;PRONTO_PARA_VALIDACAO;2026;721;SECRETARIA DE ESTADO DE SAÚDE - SESACRE;607;FUNDO ESTADUAL DE SAÚDE - FUNDES;11750000;FORTALECIMENTO DA ATENÇÃO PRIMÁRIA À SAÚDE.;VIGENTE;cmprd1s0l000004l57xdz4r5o;Mon Jul 06 2026 10:57:42 GMT-0500 (Horário Padrão do Acre);cmr9elunu001ta0igg3v3lk78
OCAD;SAUDE;NAO_EXCLUSIVO;0.36;;PRONTO_PARA_VALIDACAO;2026;721;SECRETARIA DE ESTADO DE SAÚDE - SESACRE;607;FUNDO ESTADUAL DE SAÚDE - FUNDES;11760000;FORTALECIMENTO DA REGULAÇÃO E TRATAMENTO FORA DE DOMICÍLIO.;VIGENTE;cmprd1s0l000004l57xdz4r5o;Mon Jul 06 2026 10:57:42 GMT-0500 (Horário Padrão do Acre);cmr9elunu001ua0ig9wo5h8ka
OCAD;SAUDE;NAO_EXCLUSIVO;0.36;;PRONTO_PARA_VALIDACAO;2026;721;SECRETARIA DE ESTADO DE SAÚDE - SESACRE;607;FUNDO ESTADUAL DE SAÚDE - FUNDES;11770000;FORTALECIMENTO DA VIGILÂNCIA EPIDEMIOLÓGICA E AMBIENTAL.;VIGENTE;cmprd1s0l000004l57xdz4r5o;Mon Jul 06 2026 10:57:42 GMT-0500 (Horário Padrão do Acre);cmr9elunu001va0igbsrfqjw0
OCAD;SAUDE;NAO_EXCLUSIVO;0.36;;PRONTO_PARA_VALIDACAO;2026;721;SECRETARIA DE ESTADO DE SAÚDE - SESACRE;607;FUNDO ESTADUAL DE SAÚDE - FUNDES;11780000;FORTALECIMENTO DA VIGILÂNCIA SANITÁRIA.;VIGENTE;cmprd1s0l000004l57xdz4r5o;Mon Jul 06 2026 10:57:42 GMT-0500 (Horário Padrão do Acre);cmr9elunu001wa0igfemdmfpq
OCAD;SAUDE;NAO_EXCLUSIVO;0.36;;PRONTO_PARA_VALIDACAO;2026;721;SECRETARIA DE ESTADO DE SAÚDE - SESACRE;607;FUNDO ESTADUAL DE SAÚDE - FUNDES;11790000;FORTALECIMENTO DAS POLÍTICAS DE VIGILÂNCIA EM SAÚDE DO TRABALHADOR.;VIGENTE;cmprd1s0l000004l57xdz4r5o;Mon Jul 06 2026 10:57:42 GMT-0500 (Horário Padrão do Acre);cmr9elunu001xa0ign17p5dx2
OCAD;SAUDE;NAO_EXCLUSIVO;0.36;;PRONTO_PARA_VALIDACAO;2026;721;SECRETARIA DE ESTADO DE SAÚDE - SESACRE;607;FUNDO ESTADUAL DE SAÚDE - FUNDES;11800000;FORTALECIMENTO DA REDE DE CUIDADOS À PESSOA COM DEFICIÊNCIA.;VIGENTE;cmprd1s0l000004l57xdz4r5o;Mon Jul 06 2026 10:57:42 GMT-0500 (Horário Padrão do Acre);cmr9elunu001ya0iglm2doypy
OCAD;SAUDE;NAO_EXCLUSIVO;0.36;;PRONTO_PARA_VALIDACAO;2026;721;SECRETARIA DE ESTADO DE SAÚDE - SESACRE;607;FUNDO ESTADUAL DE SAÚDE - FUNDES;11810000;FORTALECIMENTO DA REDE DE ATENÇÃO ÀS PESSOAS COM DOENÇAS CRÔNICAS.;VIGENTE;cmprd1s0l000004l57xdz4r5o;Mon Jul 06 2026 10:57:42 GMT-0500 (Horário Padrão do Acre);cmr9elunu001za0ighgyrb6fy
OCAD;SAUDE;EXCLUSIVO;1;;PRONTO_PARA_VALIDACAO;2026;721;SECRETARIA DE ESTADO DE SAÚDE - SESACRE;607;FUNDO ESTADUAL DE SAÚDE - FUNDES;11820000;FORTALECIMENTO DA REDE CEGONHA(MATERNO-INFANTIL).;VIGENTE;cmprd1s0l000004l57xdz4r5o;Mon Jul 06 2026 10:57:42 GMT-0500 (Horário Padrão do Acre);cmr9elunu0020a0igm50jolui
OCAD;SAUDE;NAO_EXCLUSIVO;0.36;;PRONTO_PARA_VALIDACAO;2026;721;SECRETARIA DE ESTADO DE SAÚDE - SESACRE;607;FUNDO ESTADUAL DE SAÚDE - FUNDES;11830000;FORTALECIMENTO DA REDE ATENÇÃO PSICOSSOCIAL.;VIGENTE;cmprd1s0l000004l57xdz4r5o;Mon Jul 06 2026 10:57:42 GMT-0500 (Horário Padrão do Acre);cmr9elunu0021a0igvbw1uziz
OCAD;SAUDE;NAO_EXCLUSIVO;0.36;;PRONTO_PARA_VALIDACAO;2026;721;SECRETARIA DE ESTADO DE SAÚDE - SESACRE;607;FUNDO ESTADUAL DE SAÚDE - FUNDES;11840000;FORTALECIMENTO DA REDE DE ATENÇÃO À SAÚDE BUCAL.;VIGENTE;cmprd1s0l000004l57xdz4r5o;Mon Jul 06 2026 10:57:42 GMT-0500 (Horário Padrão do Acre);cmr9elunu0022a0igofbtsxqn
OCAD;SAUDE;NAO_EXCLUSIVO;0.36;;PRONTO_PARA_VALIDACAO;2026;721;SECRETARIA DE ESTADO DE SAÚDE - SESACRE;607;FUNDO ESTADUAL DE SAÚDE - FUNDES;11850000;FORTALECIMENTO DA REDE DE URGÊNCIA E EMERGÊNCIA.;VIGENTE;cmprd1s0l000004l57xdz4r5o;Mon Jul 06 2026 10:57:42 GMT-0500 (Horário Padrão do Acre);cmr9elunu0023a0igup8ejach
OCAD;SAUDE;NAO_EXCLUSIVO;0.36;;PRONTO_PARA_VALIDACAO;2026;721;SECRETARIA DE ESTADO DE SAÚDE - SESACRE;607;FUNDO ESTADUAL DE SAÚDE - FUNDES;11860000;FORTALECIMENTO DO CONTROLE SOCIAL DO SUS.;VIGENTE;cmprd1s0l000004l57xdz4r5o;Mon Jul 06 2026 10:57:42 GMT-0500 (Horário Padrão do Acre);cmr9elunu0024a0igvuj78wti
OCAD;SAUDE;NAO_EXCLUSIVO;0.36;;PRONTO_PARA_VALIDACAO;2026;721;SECRETARIA DE ESTADO DE SAÚDE - SESACRE;607;FUNDO ESTADUAL DE SAÚDE - FUNDES;11880000;PROMOÇÃO DA POLÍTICA NACIONAL DE ALIMENTAÇÃO E NUTRIÇÃO.;VIGENTE;cmprd1s0l000004l57xdz4r5o;Mon Jul 06 2026 10:57:42 GMT-0500 (Horário Padrão do Acre);cmr9elunu0025a0igw3cxru8f
OCAD;SAUDE;NAO_EXCLUSIVO;0.36;;PRONTO_PARA_VALIDACAO;2026;721;SECRETARIA DE ESTADO DE SAÚDE - SESACRE;607;FUNDO ESTADUAL DE SAÚDE - FUNDES;11890000;PROMOÇÃO DO PROGRAMA SAÚDE ITINERANTE ESPECIALIZADO.;VIGENTE;cmprd1s0l000004l57xdz4r5o;Mon Jul 06 2026 10:57:42 GMT-0500 (Horário Padrão do Acre);cmr9elunu0026a0ignq7ntxih
OCAD;SAUDE;EXCLUSIVO;1;;PRONTO_PARA_VALIDACAO;2026;721;SECRETARIA DE ESTADO DE SAÚDE - SESACRE;607;FUNDO ESTADUAL DE SAÚDE - FUNDES;11900000;ASSISTÊNCIA HOSPITALAR E AMBULATORIAL PARA CRIANÇA E O ADOLESCENTE.;VIGENTE;cmprd1s0l000004l57xdz4r5o;Mon Jul 06 2026 10:57:42 GMT-0500 (Horário Padrão do Acre);cmr9elunu0027a0igf293zj4w
OCAD;SAUDE;EXCLUSIVO;1;;PRONTO_PARA_VALIDACAO;2026;721;SECRETARIA DE ESTADO DE SAÚDE - SESACRE;607;FUNDO ESTADUAL DE SAÚDE - FUNDES;11910000;FORTALECIMENTO DA POLÍTICA DE SAÚDE DA CRIANÇA E ADOLESCENTE.;VIGENTE;cmprd1s0l000004l57xdz4r5o;Mon Jul 06 2026 10:57:42 GMT-0500 (Horário Padrão do Acre);cmr9elunu0028a0igu5m3lxlh
OCAD;SAUDE;NAO_EXCLUSIVO;0.36;;PRONTO_PARA_VALIDACAO;2026;721;SECRETARIA DE ESTADO DE SAÚDE - SESACRE;607;FUNDO ESTADUAL DE SAÚDE - FUNDES;11940000;PROGRAMA DE GERENCIAMENTO DE RISCO(PGR).;VIGENTE;cmprd1s0l000004l57xdz4r5o;Mon Jul 06 2026 10:57:42 GMT-0500 (Horário Padrão do Acre);cmr9elunu0029a0ig701g2hby
OCAD;SAUDE;NAO_EXCLUSIVO;0.36;;PRONTO_PARA_VALIDACAO;2026;721;SECRETARIA DE ESTADO DE SAÚDE - SESACRE;607;FUNDO ESTADUAL DE SAÚDE - FUNDES;11950000;PROGRAMA DE PREVENÇÃO DE RISCOS AMBIENTAIS(PPRA).;VIGENTE;cmprd1s0l000004l57xdz4r5o;Mon Jul 06 2026 10:57:42 GMT-0500 (Horário Padrão do Acre);cmr9elunu002aa0igxnstqxcg
OCAD;SAUDE;NAO_EXCLUSIVO;0.36;;PRONTO_PARA_VALIDACAO;2026;721;SECRETARIA DE ESTADO DE SAÚDE - SESACRE;607;FUNDO ESTADUAL DE SAÚDE - FUNDES;11960000;PLANO DE PROTEÇÃO RADIOLÓGICA(PPR);VIGENTE;cmprd1s0l000004l57xdz4r5o;Mon Jul 06 2026 10:57:42 GMT-0500 (Horário Padrão do Acre);cmr9elunu002ba0ign8nfsrqm
OCAD;SAUDE;NAO_EXCLUSIVO;0.36;;PRONTO_PARA_VALIDACAO;2026;721;SECRETARIA DE ESTADO DE SAÚDE - SESACRE;607;FUNDO ESTADUAL DE SAÚDE - FUNDES;22060000;MANUTENÇÃO DAS ATIVIDADES ADMINISTRATIVAS E OPERACIONAIS-SESACRE.;VIGENTE;cmprd1s0l000004l57xdz4r5o;Mon Jul 06 2026 10:57:42 GMT-0500 (Horário Padrão do Acre);cmr9elunu002ca0iglyzuncts
OCAD;SAUDE;NAO_EXCLUSIVO;0.36;;PRONTO_PARA_VALIDACAO;2026;721;SECRETARIA DE ESTADO DE SAÚDE - SESACRE;607;FUNDO ESTADUAL DE SAÚDE - FUNDES;22070000;GARANTIA DO ATENDIMENTO DAS UNIDADES DE MÉDIA E ALTA COMPLEXIDADE.;VIGENTE;cmprd1s0l000004l57xdz4r5o;Mon Jul 06 2026 10:57:42 GMT-0500 (Horário Padrão do Acre);cmr9elunu002da0iggm3ajcdb
OCAD;SAUDE;NAO_EXCLUSIVO;0.36;;PRONTO_PARA_VALIDACAO;2026;721;SECRETARIA DE ESTADO DE SAÚDE - SESACRE;607;FUNDO ESTADUAL DE SAÚDE - FUNDES;22080000;MELHORIA, MODERNIZAÇÃO E INOVAÇÃO DOS SERVIÇOS DA REDE PÚBLICA DE SAÚDE.;VIGENTE;cmprd1s0l000004l57xdz4r5o;Mon Jul 06 2026 10:57:42 GMT-0500 (Horário Padrão do Acre);cmr9elunu002ea0igxxdkeg4j
OCAD;SAUDE;NAO_EXCLUSIVO;0.36;;PRONTO_PARA_VALIDACAO;2026;721;SECRETARIA DE ESTADO DE SAÚDE - SESACRE;607;FUNDO ESTADUAL DE SAÚDE - FUNDES;22090000;VALORIZAÇÃO E CAPACITAÇÃO DOS SERVIDORES PÚBLICOS DA SESACRE.;VIGENTE;cmprd1s0l000004l57xdz4r5o;Mon Jul 06 2026 10:57:42 GMT-0500 (Horário Padrão do Acre);cmr9elunu002fa0ig3gk0au6g
OCAD;SAUDE;NAO_EXCLUSIVO;0.36;;PRONTO_PARA_VALIDACAO;2026;744;SECRETARIA DE ESTADO DE HABITAÇÃO E URBANISMO - SEHURB;001;UNIDADE GESTORA;10570000;AMPLIAÇÃO DO ACESSO À MORADIA DIGNA.;VIGENTE;cmprd1s0l000004l57xdz4r5o;Mon Jul 06 2026 10:57:42 GMT-0500 (Horário Padrão do Acre);cmr9elunu002ga0ig4grxx3cp
OCAD;SAUDE;NAO_EXCLUSIVO;0.36;;PRONTO_PARA_VALIDACAO;2026;754;SECRETARIA DE ESTADO DE OBRAS PÚBLICAS - SEOP;001;UNIDADE GESTORA;11010000;AMPLIAÇÃO DO SISTEMA DE COLETA E TRATAMENTO DE ESGOTOS SANITÁRIOS.;VIGENTE;cmprd1s0l000004l57xdz4r5o;Mon Jul 06 2026 10:57:42 GMT-0500 (Horário Padrão do Acre);cmr9elunu002ha0igoje31em3
OCAD;SAUDE;NAO_EXCLUSIVO;0.36;;PRONTO_PARA_VALIDACAO;2026;754;SECRETARIA DE ESTADO DE OBRAS PÚBLICAS - SEOP;001;UNIDADE GESTORA;11020000;IMPLANTAÇÃO DE SISTEMAS DE ABASTECIMENTO DE ÁGUA.;VIGENTE;cmprd1s0l000004l57xdz4r5o;Mon Jul 06 2026 10:57:42 GMT-0500 (Horário Padrão do Acre);cmr9elunu002ia0ig4dalffqr
OCAD;SAUDE;NAO_EXCLUSIVO;0.36;;PRONTO_PARA_VALIDACAO;2026;754;SECRETARIA DE ESTADO DE OBRAS PÚBLICAS - SEOP;001;UNIDADE GESTORA;11030000;SANEAMENTO INTEGRADO.;VIGENTE;cmprd1s0l000004l57xdz4r5o;Mon Jul 06 2026 10:57:42 GMT-0500 (Horário Padrão do Acre);cmr9elunu002ja0ig6x6ovjid
OCAD;ASSISTENCIA_SOCIAL;NAO_EXCLUSIVO;0.36;;PRONTO_PARA_VALIDACAO;2026;760;SECRETARIA DE ESTADO DE ASSISTÊNCIA SOCIAL E DIREITOS HUMANOS - SEASDH;001;UNIDADE GESTORA;12210000;CONSTRUÇÃO, REFORMA E AMPLIAÇÃO DOS PRÉDIOS DA SEASDH.;VIGENTE;cmprd1s0l000004l57xdz4r5o;Mon Jul 06 2026 10:57:42 GMT-0500 (Horário Padrão do Acre);cmr9elunu002ka0ig9kyxa0q5
OCAD;ASSISTENCIA_SOCIAL;NAO_EXCLUSIVO;0.36;;PRONTO_PARA_VALIDACAO;2026;760;SECRETARIA DE ESTADO DE ASSISTÊNCIA SOCIAL E DIREITOS HUMANOS - SEASDH;001;UNIDADE GESTORA;12220000;APOIO AS ORGANIZAÇÕES DA SOCIEDADE CIVIL(OSCS).;VIGENTE;cmprd1s0l000004l57xdz4r5o;Mon Jul 06 2026 10:57:42 GMT-0500 (Horário Padrão do Acre);cmr9elunu002la0igcvxmflks
OCAD;ASSISTENCIA_SOCIAL;NAO_EXCLUSIVO;0.36;;PRONTO_PARA_VALIDACAO;2026;760;SECRETARIA DE ESTADO DE ASSISTÊNCIA SOCIAL E DIREITOS HUMANOS - SEASDH;001;UNIDADE GESTORA;12230000;PROMOÇÃO DA POLÍTICA ESTADUAL DE CIDADANIA E DIREITOS HUMANOS.;VIGENTE;cmprd1s0l000004l57xdz4r5o;Mon Jul 06 2026 10:57:42 GMT-0500 (Horário Padrão do Acre);cmr9elunu002ma0ig2htx7br6
OCAD;ASSISTENCIA_SOCIAL;NAO_EXCLUSIVO;0.36;;PRONTO_PARA_VALIDACAO;2026;760;SECRETARIA DE ESTADO DE ASSISTÊNCIA SOCIAL E DIREITOS HUMANOS - SEASDH;001;UNIDADE GESTORA;12240000;PROMOÇÃO DA POLÍTICA DE ATENÇÃO A POPULAÇÃO LGBTQIA+.;VIGENTE;cmprd1s0l000004l57xdz4r5o;Mon Jul 06 2026 10:57:42 GMT-0500 (Horário Padrão do Acre);cmr9elunu002na0igwtyw1inx
OCAD;ASSISTENCIA_SOCIAL;NAO_EXCLUSIVO;0.36;;PRONTO_PARA_VALIDACAO;2026;760;SECRETARIA DE ESTADO DE ASSISTÊNCIA SOCIAL E DIREITOS HUMANOS - SEASDH;001;UNIDADE GESTORA;12250000;PROMOÇÃO DA POLÍTICA DE ATENÇÃO À PESSOA IDOSA.;VIGENTE;cmprd1s0l000004l57xdz4r5o;Mon Jul 06 2026 10:57:42 GMT-0500 (Horário Padrão do Acre);cmr9elunu002oa0ig59s4ouzx
OCAD;ASSISTENCIA_SOCIAL;NAO_EXCLUSIVO;0.36;;PRONTO_PARA_VALIDACAO;2026;760;SECRETARIA DE ESTADO DE ASSISTÊNCIA SOCIAL E DIREITOS HUMANOS - SEASDH;001;UNIDADE GESTORA;12260000;PROMOÇÃO DA POLÍTICA DE ATENÇÃO À PESSOA COM DEFICIÊNCIA.;VIGENTE;cmprd1s0l000004l57xdz4r5o;Mon Jul 06 2026 10:57:42 GMT-0500 (Horário Padrão do Acre);cmr9elunu002pa0igtn21fsfs
OCAD;ASSISTENCIA_SOCIAL;NAO_EXCLUSIVO;0.36;;PRONTO_PARA_VALIDACAO;2026;760;SECRETARIA DE ESTADO DE ASSISTÊNCIA SOCIAL E DIREITOS HUMANOS - SEASDH;001;UNIDADE GESTORA;12270000;PROMOÇÃO DA POLÍTICA DE IGUALDADE RACIAL.;VIGENTE;cmprd1s0l000004l57xdz4r5o;Mon Jul 06 2026 10:57:42 GMT-0500 (Horário Padrão do Acre);cmr9elunu002qa0igmv5shs30
OCAD;ASSISTENCIA_SOCIAL;NAO_EXCLUSIVO;0.36;;PRONTO_PARA_VALIDACAO;2026;760;SECRETARIA DE ESTADO DE ASSISTÊNCIA SOCIAL E DIREITOS HUMANOS - SEASDH;001;UNIDADE GESTORA;12280000;REDUÇÃO DO SUB-REGISTRO DE NASCIMENTO NO ESTADO.;VIGENTE;cmprd1s0l000004l57xdz4r5o;Mon Jul 06 2026 10:57:42 GMT-0500 (Horário Padrão do Acre);cmr9elunu002ra0igavsslwon
OCAD;ASSISTENCIA_SOCIAL;NAO_EXCLUSIVO;0.36;;PRONTO_PARA_VALIDACAO;2026;760;SECRETARIA DE ESTADO DE ASSISTÊNCIA SOCIAL E DIREITOS HUMANOS - SEASDH;001;UNIDADE GESTORA;12290000;FORTALECIMENTO DA REDE DE ATENDIMENTO DOS MIGRANTES, APÁTRIDAS E REFUGIADOS.;VIGENTE;cmprd1s0l000004l57xdz4r5o;Mon Jul 06 2026 10:57:42 GMT-0500 (Horário Padrão do Acre);cmr9elunu002sa0igh5y6yn2g
OCAD;ASSISTENCIA_SOCIAL;NAO_EXCLUSIVO;0.36;;PRONTO_PARA_VALIDACAO;2026;760;SECRETARIA DE ESTADO DE ASSISTÊNCIA SOCIAL E DIREITOS HUMANOS - SEASDH;001;UNIDADE GESTORA;12300000;FORTALECIMENTO, PREVENÇÃO E COMBATE A TORTURA, TRABALHO ESCRAVO E TRÁFICO DE PESSOAS.;VIGENTE;cmprd1s0l000004l57xdz4r5o;Mon Jul 06 2026 10:57:42 GMT-0500 (Horário Padrão do Acre);cmr9elunu002ta0ig3vanfcj2
OCAD;ASSISTENCIA_SOCIAL;NAO_EXCLUSIVO;0.36;;PRONTO_PARA_VALIDACAO;2026;760;SECRETARIA DE ESTADO DE ASSISTÊNCIA SOCIAL E DIREITOS HUMANOS - SEASDH;001;UNIDADE GESTORA;12310000;FORTALECIMENTO DA POLÍTICA DE ATENÇÃO À POPULAÇÃO EM SITUAÇÃO DE RUA.;VIGENTE;cmprd1s0l000004l57xdz4r5o;Mon Jul 06 2026 10:57:42 GMT-0500 (Horário Padrão do Acre);cmr9elunu002ua0ighpcc8mq0
OCAD;ASSISTENCIA_SOCIAL;NAO_EXCLUSIVO;0.36;;PRONTO_PARA_VALIDACAO;2026;760;SECRETARIA DE ESTADO DE ASSISTÊNCIA SOCIAL E DIREITOS HUMANOS - SEASDH;001;UNIDADE GESTORA;12320000;FORTALECIMENTO E AMPLIAÇÃO DO PROVITA NO ESTADO.;VIGENTE;cmprd1s0l000004l57xdz4r5o;Mon Jul 06 2026 10:57:42 GMT-0500 (Horário Padrão do Acre);cmr9elunu002va0igsyih5jaz
OCAD;ASSISTENCIA_SOCIAL;EXCLUSIVO;1;;PRONTO_PARA_VALIDACAO;2026;760;SECRETARIA DE ESTADO DE ASSISTÊNCIA SOCIAL E DIREITOS HUMANOS - SEASDH;001;UNIDADE GESTORA;12330000;IMPLEMENTAÇÃO E FORTALECIMENTO DO PPCAM NO ESTADO.;VIGENTE;cmprd1s0l000004l57xdz4r5o;Mon Jul 06 2026 10:57:42 GMT-0500 (Horário Padrão do Acre);cmr9elunu002wa0igaxsums3a
OCAD;ASSISTENCIA_SOCIAL;NAO_EXCLUSIVO;0.36;;PRONTO_PARA_VALIDACAO;2026;760;SECRETARIA DE ESTADO DE ASSISTÊNCIA SOCIAL E DIREITOS HUMANOS - SEASDH;001;UNIDADE GESTORA;12340000;MELHORIA, MODERNIZAÇÃO E INOVAÇÃO DOS SERVIÇOS DA SEASDH.;VIGENTE;cmprd1s0l000004l57xdz4r5o;Mon Jul 06 2026 10:57:42 GMT-0500 (Horário Padrão do Acre);cmr9elunu002xa0ig6w5n18nh
OCAD;ASSISTENCIA_SOCIAL;EXCLUSIVO;1;;PRONTO_PARA_VALIDACAO;2026;760;SECRETARIA DE ESTADO DE ASSISTÊNCIA SOCIAL E DIREITOS HUMANOS - SEASDH;001;UNIDADE GESTORA;12350000;FORTALECIMENTO DA POLÍTICA DE ATENDIMENTO E PROMOÇÃO AOS DIREITOS DA CRIANÇA E ADOLESCENTE.;VIGENTE;cmprd1s0l000004l57xdz4r5o;Mon Jul 06 2026 10:57:42 GMT-0500 (Horário Padrão do Acre);cmr9elunu002ya0igptc7motz
OCAD;ASSISTENCIA_SOCIAL;NAO_EXCLUSIVO;0.36;;PRONTO_PARA_VALIDACAO;2026;760;SECRETARIA DE ESTADO DE ASSISTÊNCIA SOCIAL E DIREITOS HUMANOS - SEASDH;001;UNIDADE GESTORA;12360000;JUNTOS PELO ACRE:CUIDANDO DE PESSOAS.;VIGENTE;cmprd1s0l000004l57xdz4r5o;Mon Jul 06 2026 10:57:42 GMT-0500 (Horário Padrão do Acre);cmr9elunu002za0iguyuqqi7k
OCAD;ASSISTENCIA_SOCIAL;NAO_EXCLUSIVO;0.36;;PRONTO_PARA_VALIDACAO;2026;760;SECRETARIA DE ESTADO DE ASSISTÊNCIA SOCIAL E DIREITOS HUMANOS - SEASDH;001;UNIDADE GESTORA;12370000;FORTALECIMENTO DA POLÍTICA ESTADUAL DE SEGURANÇA ALIMENTAR E NUTRICIONAL.;VIGENTE;cmprd1s0l000004l57xdz4r5o;Mon Jul 06 2026 10:57:42 GMT-0500 (Horário Padrão do Acre);cmr9elunu0030a0ig4e5zrngj
OCAD;ASSISTENCIA_SOCIAL;NAO_EXCLUSIVO;0.36;;PRONTO_PARA_VALIDACAO;2026;760;SECRETARIA DE ESTADO DE ASSISTÊNCIA SOCIAL E DIREITOS HUMANOS - SEASDH;001;UNIDADE GESTORA;12540000;PROMOÇÃO DAS AÇÕES DE SAÚDE E DE SEGURANÇA NO TRABALHO PARA OS SERVIDORES DA SEASDH.;VIGENTE;cmprd1s0l000004l57xdz4r5o;Mon Jul 06 2026 10:57:42 GMT-0500 (Horário Padrão do Acre);cmr9elunu0031a0ig1kbwcrkq
OCAD;ASSISTENCIA_SOCIAL;NAO_EXCLUSIVO;0.36;;PRONTO_PARA_VALIDACAO;2026;760;SECRETARIA DE ESTADO DE ASSISTÊNCIA SOCIAL E DIREITOS HUMANOS - SEASDH;001;UNIDADE GESTORA;12610000;FORTALECIMENTO DAS INSTÂNCIAS DE CONTROLE E PARTICIPAÇÃO SOCIAL NO ÂMBITO DA POLÍTICA DE DIREITOS HUMANOS.;VIGENTE;cmprd1s0l000004l57xdz4r5o;Mon Jul 06 2026 10:57:42 GMT-0500 (Horário Padrão do Acre);cmr9elunv0032a0igqr2ug2p5
OCAD;ASSISTENCIA_SOCIAL;NAO_EXCLUSIVO;0.36;;PRONTO_PARA_VALIDACAO;2026;760;SECRETARIA DE ESTADO DE ASSISTÊNCIA SOCIAL E DIREITOS HUMANOS - SEASDH;001;UNIDADE GESTORA;22460000;VALORIZAÇÃO E CAPACITAÇÃO DOS SERVIDORES DA SEASDH.;VIGENTE;cmprd1s0l000004l57xdz4r5o;Mon Jul 06 2026 10:57:42 GMT-0500 (Horário Padrão do Acre);cmr9elunv0033a0igp0fbtx1i
OCAD;ASSISTENCIA_SOCIAL;NAO_EXCLUSIVO;0.36;;PRONTO_PARA_VALIDACAO;2026;760;SECRETARIA DE ESTADO DE ASSISTÊNCIA SOCIAL E DIREITOS HUMANOS - SEASDH;001;UNIDADE GESTORA;22510000;MANUTENÇÃO DAS ATIVIDADES ADMINISTRATIVAS E OPERACIONAIS-SEASDH.;VIGENTE;cmprd1s0l000004l57xdz4r5o;Mon Jul 06 2026 10:57:42 GMT-0500 (Horário Padrão do Acre);cmr9elunv0034a0igtajr11er
OCAD;ASSISTENCIA_SOCIAL;EXCLUSIVO;1;;PRONTO_PARA_VALIDACAO;2026;760;SECRETARIA DE ESTADO DE ASSISTÊNCIA SOCIAL E DIREITOS HUMANOS - SEASDH;606;FUNDO DO DIREITO DA CRIANÇA E DO ADOLESCENTE - FDCA;12380000;FORTALECIMENTO DA POLÍTICA DE ATENDIMENTO E PROMOÇÃO AOS DIREITOS DA CRIANÇA E DO ADOLESCENTE.;VIGENTE;cmprd1s0l000004l57xdz4r5o;Mon Jul 06 2026 10:57:42 GMT-0500 (Horário Padrão do Acre);cmr9elunv0035a0igi8k6s9q2
OCAD;ASSISTENCIA_SOCIAL;NAO_EXCLUSIVO;0.36;;PRONTO_PARA_VALIDACAO;2026;760;SECRETARIA DE ESTADO DE ASSISTÊNCIA SOCIAL E DIREITOS HUMANOS - SEASDH;608;FUNDO DE ASSITÊNCIA SOCIAL - FEAS;12400000;IMPLANTAÇÃO DO SISTEMA DE MONITORAMENTO E AVALIAÇÃO NO ÂMBITO DO SUAS/PROGESTÃO.;VIGENTE;cmprd1s0l000004l57xdz4r5o;Mon Jul 06 2026 10:57:42 GMT-0500 (Horário Padrão do Acre);cmr9elunv0036a0igkzud6dos
OCAD;ASSISTENCIA_SOCIAL;NAO_EXCLUSIVO;0.36;;PRONTO_PARA_VALIDACAO;2026;760;SECRETARIA DE ESTADO DE ASSISTÊNCIA SOCIAL E DIREITOS HUMANOS - SEASDH;608;FUNDO DE ASSITÊNCIA SOCIAL - FEAS;12410000;FORTALECIMENTO DA GESTÃO DO SUAS.;VIGENTE;cmprd1s0l000004l57xdz4r5o;Mon Jul 06 2026 10:57:42 GMT-0500 (Horário Padrão do Acre);cmr9elunv0037a0ignj02gpb6
OCAD;ASSISTENCIA_SOCIAL;NAO_EXCLUSIVO;0.36;;PRONTO_PARA_VALIDACAO;2026;760;SECRETARIA DE ESTADO DE ASSISTÊNCIA SOCIAL E DIREITOS HUMANOS - SEASDH;608;FUNDO DE ASSITÊNCIA SOCIAL - FEAS;12420000;OFERTA DE BENEFÍCIOS EVENTUAIS EM SITUAÇÃO DE EMERGÊNCIAS/CALAMIDADE PÚBLICA.;VIGENTE;cmprd1s0l000004l57xdz4r5o;Mon Jul 06 2026 10:57:42 GMT-0500 (Horário Padrão do Acre);cmr9elunv0038a0ig9ahyplfp
OCAD;ASSISTENCIA_SOCIAL;NAO_EXCLUSIVO;0.36;;PRONTO_PARA_VALIDACAO;2026;760;SECRETARIA DE ESTADO DE ASSISTÊNCIA SOCIAL E DIREITOS HUMANOS - SEASDH;608;FUNDO DE ASSITÊNCIA SOCIAL - FEAS;12440000;FORTALECIMENTO DAS INSTÂNCIAS DE CONTROLE E PARTICIPAÇÃO SOCIAL DO SUAS.;VIGENTE;cmprd1s0l000004l57xdz4r5o;Mon Jul 06 2026 10:57:42 GMT-0500 (Horário Padrão do Acre);cmr9elunv0039a0igbcil7o8i
OCAD;ASSISTENCIA_SOCIAL;NAO_EXCLUSIVO;0.36;;PRONTO_PARA_VALIDACAO;2026;760;SECRETARIA DE ESTADO DE ASSISTÊNCIA SOCIAL E DIREITOS HUMANOS - SEASDH;608;FUNDO DE ASSITÊNCIA SOCIAL - FEAS;12450000;APOIO E GESTÃO DO PROGRAMA BOLSA FAMÍLIA E DO CADASTRO ÚNICO (IGDPBF).;VIGENTE;cmprd1s0l000004l57xdz4r5o;Mon Jul 06 2026 10:57:42 GMT-0500 (Horário Padrão do Acre);cmr9elunv003aa0igkd2ewg93
OCAD;ASSISTENCIA_SOCIAL;NAO_EXCLUSIVO;0.36;;PRONTO_PARA_VALIDACAO;2026;760;SECRETARIA DE ESTADO DE ASSISTÊNCIA SOCIAL E DIREITOS HUMANOS - SEASDH;608;FUNDO DE ASSITÊNCIA SOCIAL - FEAS;12460000;FORTALECIMENTO DOS SERVIÇOS DA PROTEÇÃO SOCIAL BÁSICA.;VIGENTE;cmprd1s0l000004l57xdz4r5o;Mon Jul 06 2026 10:57:42 GMT-0500 (Horário Padrão do Acre);cmr9elunv003ba0ig1ewm1c10
OCAD;ASSISTENCIA_SOCIAL;NAO_EXCLUSIVO;0.36;;PRONTO_PARA_VALIDACAO;2026;760;SECRETARIA DE ESTADO DE ASSISTÊNCIA SOCIAL E DIREITOS HUMANOS - SEASDH;608;FUNDO DE ASSITÊNCIA SOCIAL - FEAS;12470000;FORTALECIMENTO DOS SERVIÇOS DA PROTEÇÃO SOCIAL ESPECIAL.;VIGENTE;cmprd1s0l000004l57xdz4r5o;Mon Jul 06 2026 10:57:42 GMT-0500 (Horário Padrão do Acre);cmr9elunv003ca0igx1gou9pu
OCAD;ASSISTENCIA_SOCIAL;NAO_EXCLUSIVO;0.36;;PRONTO_PARA_VALIDACAO;2026;760;SECRETARIA DE ESTADO DE ASSISTÊNCIA SOCIAL E DIREITOS HUMANOS - SEASDH;608;FUNDO DE ASSITÊNCIA SOCIAL - FEAS;12480000;EDUCAÇÃO PERMANENTE NO SUAS-CAPACITA SUAS.;VIGENTE;cmprd1s0l000004l57xdz4r5o;Mon Jul 06 2026 10:57:42 GMT-0500 (Horário Padrão do Acre);cmr9elunv003da0iggji1541t
OCAD;ASSISTENCIA_SOCIAL;NAO_EXCLUSIVO;0.36;;PRONTO_PARA_VALIDACAO;2026;760;SECRETARIA DE ESTADO DE ASSISTÊNCIA SOCIAL E DIREITOS HUMANOS - SEASDH;608;FUNDO DE ASSITÊNCIA SOCIAL - FEAS;12490000;CONCESSÃO DO BOLSA MORADIA TRANSITÓRIA.;VIGENTE;cmprd1s0l000004l57xdz4r5o;Mon Jul 06 2026 10:57:42 GMT-0500 (Horário Padrão do Acre);cmr9elunv003ea0igkp35kfmq
OCAD;ASSISTENCIA_SOCIAL;EXCLUSIVO;1;;PRONTO_PARA_VALIDACAO;2026;760;SECRETARIA DE ESTADO DE ASSISTÊNCIA SOCIAL E DIREITOS HUMANOS - SEASDH;608;FUNDO DE ASSITÊNCIA SOCIAL - FEAS;12500000;AÇÕES ESTRATÉGICAS DO PROGRAMA DE ERRADICAÇÃO DO TRABALHO INFANTIL-AEPETI'S.;VIGENTE;cmprd1s0l000004l57xdz4r5o;Mon Jul 06 2026 10:57:42 GMT-0500 (Horário Padrão do Acre);cmr9elunv003fa0igk4ed5dsq
OCAD;ASSISTENCIA_SOCIAL;EXCLUSIVO;1;;PRONTO_PARA_VALIDACAO;2026;760;SECRETARIA DE ESTADO DE ASSISTÊNCIA SOCIAL E DIREITOS HUMANOS - SEASDH;608;FUNDO DE ASSITÊNCIA SOCIAL - FEAS;12510000;PROMOÇÃO DA PRIMEIRA INFÂNCIA NO SUAS-CRIANÇA FELIZ.;VIGENTE;cmprd1s0l000004l57xdz4r5o;Mon Jul 06 2026 10:57:42 GMT-0500 (Horário Padrão do Acre);cmr9elunv003ga0ig3tero7y5
OCAD;ASSISTENCIA_SOCIAL;NAO_EXCLUSIVO;0.36;;PRONTO_PARA_VALIDACAO;2026;760;SECRETARIA DE ESTADO DE ASSISTÊNCIA SOCIAL E DIREITOS HUMANOS - SEASDH;608;FUNDO DE ASSITÊNCIA SOCIAL - FEAS;12520000;PROMOÇÃO DO PROGRAMA ACESSUAS TRABALHO.;VIGENTE;cmprd1s0l000004l57xdz4r5o;Mon Jul 06 2026 10:57:42 GMT-0500 (Horário Padrão do Acre);cmr9elunv003ha0igswrskv23
OCAD;ASSISTENCIA_SOCIAL;NAO_EXCLUSIVO;0.36;;PRONTO_PARA_VALIDACAO;2026;760;SECRETARIA DE ESTADO DE ASSISTÊNCIA SOCIAL E DIREITOS HUMANOS - SEASDH;608;FUNDO DE ASSITÊNCIA SOCIAL - FEAS;12620000;FORTALECIMENTO DE CONTROLE SOCIAL IGD/SUAS.;VIGENTE;cmprd1s0l000004l57xdz4r5o;Mon Jul 06 2026 10:57:42 GMT-0500 (Horário Padrão do Acre);cmr9elunv003ia0ighlz7hahn
OCAD;ASSISTENCIA_SOCIAL;NAO_EXCLUSIVO;0.36;;PRONTO_PARA_VALIDACAO;2026;760;SECRETARIA DE ESTADO DE ASSISTÊNCIA SOCIAL E DIREITOS HUMANOS - SEASDH;608;FUNDO DE ASSITÊNCIA SOCIAL - FEAS;12630000;FORTALECIMENTO DO CONTROLE SOCIAL DO PROGRAMA BOLSA FAMÍLIA E DO CADASTRO ÚNICO-IGD/PBF.;VIGENTE;cmprd1s0l000004l57xdz4r5o;Mon Jul 06 2026 10:57:42 GMT-0500 (Horário Padrão do Acre);cmr9elunv003ja0ig077lzwqk
OCAD;ASSISTENCIA_SOCIAL;NAO_EXCLUSIVO;0.36;;PRONTO_PARA_VALIDACAO;2026;760;SECRETARIA DE ESTADO DE ASSISTÊNCIA SOCIAL E DIREITOS HUMANOS - SEASDH;608;FUNDO DE ASSITÊNCIA SOCIAL - FEAS;12640000;FORTALECIMENTO DA REDE SOCIASSISTENCIAL PRIVADA DO SUAS.;VIGENTE;cmprd1s0l000004l57xdz4r5o;Mon Jul 06 2026 10:57:42 GMT-0500 (Horário Padrão do Acre);cmr9elunv003ka0iguvcbzox1
OCAD;ASSISTENCIA_SOCIAL;NAO_EXCLUSIVO;0.36;;PRONTO_PARA_VALIDACAO;2026;760;SECRETARIA DE ESTADO DE ASSISTÊNCIA SOCIAL E DIREITOS HUMANOS - SEASDH;608;FUNDO DE ASSITÊNCIA SOCIAL - FEAS;12650000;GARANTIA DO COFINANCIAMENTO ESTADUAL AOS MUNICÍPIOS PARA A EXECUÇÃO DA POLÍTICA DE ASSISTÊNCIA SOCIAL.;VIGENTE;cmprd1s0l000004l57xdz4r5o;Mon Jul 06 2026 10:57:42 GMT-0500 (Horário Padrão do Acre);cmr9elunv003la0igora3a9v7
OCAD;ASSISTENCIA_SOCIAL;NAO_EXCLUSIVO;0.36;;PRONTO_PARA_VALIDACAO;2026;760;SECRETARIA DE ESTADO DE ASSISTÊNCIA SOCIAL E DIREITOS HUMANOS - SEASDH;608;FUNDO DE ASSITÊNCIA SOCIAL - FEAS;12660000;FORTALECIMENTO DAS AÇÕES DE PROTEÇÃO SOCIAL AOS POVOS INDÍGENAS.;VIGENTE;cmprd1s0l000004l57xdz4r5o;Mon Jul 06 2026 10:57:42 GMT-0500 (Horário Padrão do Acre);cmr9elunv003ma0ig6zdxuz6q
OCAD;ASSISTENCIA_SOCIAL;NAO_EXCLUSIVO;0.36;;PRONTO_PARA_VALIDACAO;2026;760;SECRETARIA DE ESTADO DE ASSISTÊNCIA SOCIAL E DIREITOS HUMANOS - SEASDH;608;FUNDO DE ASSITÊNCIA SOCIAL - FEAS;22500000;MANUTENÇÃO DAS ATIVIDADES ADMINISTRATIVAS E OPERACIONAIS-FUNDO DE ASSISTÊNCIA SOCIAL-FEAS.;VIGENTE;cmprd1s0l000004l57xdz4r5o;Mon Jul 06 2026 10:57:42 GMT-0500 (Horário Padrão do Acre);cmr9elunv003na0igzl9ulayp
OCAD;ASSISTENCIA_SOCIAL;NAO_EXCLUSIVO;0.36;;PRONTO_PARA_VALIDACAO;2026;762;SECRETARIA DE ESTADO DA MULHER - SEMULHER;001;UNIDADE GESTORA;11440000;MELHORIA, MODERNIZAÇÃO E INOVAÇÃO DOS SERVIÇOS DA SEMULHER.;VIGENTE;cmprd1s0l000004l57xdz4r5o;Mon Jul 06 2026 10:57:42 GMT-0500 (Horário Padrão do Acre);cmr9elunv003oa0igw1mqsy59
OCAD;ASSISTENCIA_SOCIAL;NAO_EXCLUSIVO;0.36;;PRONTO_PARA_VALIDACAO;2026;762;SECRETARIA DE ESTADO DA MULHER - SEMULHER;001;UNIDADE GESTORA;11450000;PROMOÇÃO DA AUTONOMIA ECONÔMICA DAS MULHERES.;VIGENTE;cmprd1s0l000004l57xdz4r5o;Mon Jul 06 2026 10:57:42 GMT-0500 (Horário Padrão do Acre);cmr9elunv003pa0ig093i3m7p
OCAD;ASSISTENCIA_SOCIAL;NAO_EXCLUSIVO;0.36;;PRONTO_PARA_VALIDACAO;2026;762;SECRETARIA DE ESTADO DA MULHER - SEMULHER;001;UNIDADE GESTORA;11460000;CONSOLIDAÇÃO DAS POLÍTICAS PARA MULHERES.;VIGENTE;cmprd1s0l000004l57xdz4r5o;Mon Jul 06 2026 10:57:42 GMT-0500 (Horário Padrão do Acre);cmr9elunv003qa0ig3lfxfs15
OCAD;ASSISTENCIA_SOCIAL;NAO_EXCLUSIVO;0.36;;PRONTO_PARA_VALIDACAO;2026;762;SECRETARIA DE ESTADO DA MULHER - SEMULHER;001;UNIDADE GESTORA;11470000;FORTALECIMENTO DO ENFRENTAMENTO À VIOLÊNCIA CONTRA MULHERES.;VIGENTE;cmprd1s0l000004l57xdz4r5o;Mon Jul 06 2026 10:57:42 GMT-0500 (Horário Padrão do Acre);cmr9elunv003ra0iguzimlgid
OCAD;ASSISTENCIA_SOCIAL;NAO_EXCLUSIVO;0.36;;PRONTO_PARA_VALIDACAO;2026;762;SECRETARIA DE ESTADO DA MULHER - SEMULHER;001;UNIDADE GESTORA;21770000;MANUTENÇÃO DAS ATIVIDADES ADMINISTRATIVAS E OPERACIONAIS-SEMULHER.;VIGENTE;cmprd1s0l000004l57xdz4r5o;Mon Jul 06 2026 10:57:42 GMT-0500 (Horário Padrão do Acre);cmr9elunv003sa0igvjdle4sl
OCAD;ASSISTENCIA_SOCIAL;NAO_EXCLUSIVO;0.36;;PRONTO_PARA_VALIDACAO;2026;762;SECRETARIA DE ESTADO DA MULHER - SEMULHER;001;UNIDADE GESTORA;21780000;VALORIZAÇÃO E CAPACITAÇÃO DOS SERVIDORES DA SEMULHER.;VIGENTE;cmprd1s0l000004l57xdz4r5o;Mon Jul 06 2026 10:57:42 GMT-0500 (Horário Padrão do Acre);cmr9elunv003ta0igeabm1qsu